step,type,amount,nameOrig,oldbalanceOrg,newbalanceOrig,nameDest,oldbalanceDest,newbalanceDest,isFraud,isFlaggedFraud,mensagem_recebida
1,PAYMENT,1864.28,C1666544295,21249.0,19384.72,M2044282225,0.0,0.0,0,0,Confirme sua senha
1,PAYMENT,7817.71,C90045638,53860.0,46042.29,M573487274,0.0,0.0,0,0,Confirme sua senha
1,PAYMENT,7861.64,C1912850431,176087.23,168225.59,M633326333,0.0,0.0,0,0,Transferência urgente
1,DEBIT,5337.77,C712410124,41720.0,36382.23,C195600860,41898.0,40348.79,0,0,Confirme sua senha
1,PAYMENT,3099.97,C249177573,20771.0,17671.03,M2096539129,0.0,0.0,0,0,Transferência urgente
1,PAYMENT,11633.76,C1716932897,10127.0,0.0,M801569151,0.0,0.0,0,0,Confirme sua senha
1,CASH_OUT,229133.94,C905080434,15325.0,0.0,C476402209,5083.0,51513.44,0,0,Transferência urgente
1,PAYMENT,1157.86,C1237762639,21156.0,19998.14,M1877062907,0.0,0.0,0,0,Confirme sua senha
1,TRANSFER,215310.3,C1670993182,705.0,0.0,C1100439041,22425.0,0.0,0,0,Transferência urgente
1,DEBIT,9302.79,C1566511282,11299.0,1996.21,C1973538135,29832.0,16896.7,0,0,Confirme sua senha
1,PAYMENT,3876.41,C504336483,67852.0,63975.59,M1404932042,0.0,0.0,0,0,Transferência urgente
1,PAYMENT,6061.13,C1043358826,443.0,0.0,M1558079303,0.0,0.0,0,0,Confirme sua senha
1,PAYMENT,8009.09,C1053967012,10968.0,2958.91,M295304806,0.0,0.0,0,0,Transferência urgente
1,PAYMENT,9920.52,C764826684,0.0,0.0,M1940055334,0.0,0.0,0,0,Confirme sua senha
1,PAYMENT,4206.84,C215078753,0.0,0.0,M1757317128,0.0,0.0,0,0,Transferência urgente
1,PAYMENT,5307.88,C1768242710,0.0,0.0,M1971783162,0.0,0.0,0,0,Confirme sua senha
1,PAYMENT,24213.67,C1238616099,0.0,0.0,M70695990,0.0,0.0,0,0,Transferência urgente
1,PAYMENT,2791.42,C923341586,300481.0,297689.58,M107994825,0.0,0.0,0,0,Confirme sua senha
1,PAYMENT,3295.19,C711197015,233633.0,230337.81,M1384454980,0.0,0.0,0,0,Transferência urgente
1,DEBIT,5758.59,C1466917878,32604.0,26845.41,C1297685781,209699.0,16997.22,0,0,Confirme sua senha
1,PAYMENT,7823.46,C260084831,998.0,0.0,M267814113,0.0,0.0,0,0,Transferência urgente
1,PAYMENT,5281.48,C1440738283,152019.0,146737.52,M1849015357,0.0,0.0,0,0,Confirme sua senha
1,CASH_OUT,56953.9,C1570470538,1942.02,0.0,C824009085,70253.0,64106.18,0,0,Transferência urgente
1,PAYMENT,2204.04,C1615801298,586.0,0.0,M490391704,0.0,0.0,0,0,Confirme sua senha
1,CASH_OUT,23261.3,C2072313080,20411.53,0.0,C2001112025,25742.0,0.0,0,0,Transferência urgente
1,PAYMENT,1614.64,C912966811,41276.0,39661.36,M1792384402,0.0,0.0,0,0,Confirme sua senha
1,PAYMENT,2970.97,C46941357,38071.06,35100.09,M1152606315,0.0,0.0,0,0,Transferência urgente
1,PAYMENT,2252.44,C104716441,1627.0,0.0,M1506951181,0.0,0.0,0,0,Confirme sua senha
1,DEBIT,5529.13,C867288517,8547.0,3017.87,C242131142,10206.0,0.0,0,0,Transferência urgente
1,DEBIT,4510.22,C280615803,10256.0,5745.78,C1254526270,10697.0,0.0,0,0,Confirme sua senha
1,PAYMENT,2599.46,C885910946,874042.26,871442.79,M1860591867,0.0,0.0,0,0,Transferência urgente
1,PAYMENT,6440.78,C1161148117,2192.0,0.0,M516875052,0.0,0.0,0,0,Confirme sua senha
1,PAYMENT,6444.64,C1262609629,12019.0,5574.36,M587180314,0.0,0.0,0,0,Transferência urgente
1,PAYMENT,7292.16,C69673470,216827.0,209534.84,M1082411691,0.0,0.0,0,0,Confirme sua senha
1,CASH_OUT,136872.92,C1533123860,162075.98,25203.05,C766572210,217806.0,0.0,0,0,Transferência urgente
1,PAYMENT,2998.04,C71802912,12030.0,9031.96,M2134271532,0.0,0.0,0,0,Confirme sua senha
1,PAYMENT,4316.2,C1423768154,10999.0,6682.8,M404222443,0.0,0.0,0,0,Transferência urgente
1,PAYMENT,12986.61,C807322507,23350.0,10363.39,M396485834,0.0,0.0,0,0,Confirme sua senha
1,TRANSFER,77957.68,C207471778,0.0,0.0,C1761291320,94900.0,22233.65,0,0,Transferência urgente
1,TRANSFER,78766.03,C1376151044,0.0,0.0,C1749186397,103772.0,277515.05,0,0,Confirme sua senha
1,TRANSFER,125872.53,C1443967876,0.0,0.0,C392292416,348512.0,3420103.09,0,0,Transferência urgente
1,TRANSFER,1505626.01,C926859124,0.0,0.0,C665576141,29031.0,5515763.34,0,0,Confirme sua senha
1,TRANSFER,147543.1,C12905860,0.0,0.0,C1359044626,223220.0,16518.36,0,0,Transferência urgente
1,TRANSFER,1429051.47,C1520267010,0.0,0.0,C1590550415,2041543.62,19169204.93,0,0,Confirme sua senha
1,TRANSFER,367768.4,C288306765,0.0,0.0,C1359044626,370763.1,16518.36,0,0,Transferência urgente
1,TRANSFER,583848.46,C1839168128,0.0,0.0,C1286084959,667778.0,2107778.11,0,0,Confirme sua senha
1,TRANSFER,710544.77,C835773569,0.0,0.0,C1359044626,738531.5,16518.36,0,0,Transferência urgente
1,TRANSFER,11996.58,C605982374,0.0,0.0,C1225616405,40255.0,0.0,0,0,Confirme sua senha
1,PAYMENT,8586.98,C1305004711,3763.0,0.0,M494077446,0.0,0.0,0,0,Transferência urgente
1,PAYMENT,1035.36,C806813022,71636.0,70600.64,M902860396,0.0,0.0,0,0,Confirme sua senha
1,PAYMENT,1019.9,C1799230133,204237.0,203217.1,M1521238608,0.0,0.0,0,0,Transferência urgente
1,PAYMENT,1876.44,C1509309988,182.0,0.0,M1643141512,0.0,0.0,0,0,Confirme sua senha
1,CASH_OUT,75405.1,C263053820,0.0,0.0,C1870252780,104209.0,46462.23,0,0,Transferência urgente
1,CASH_OUT,14121.82,C69062746,0.0,0.0,C100555887,52679.0,10963.66,0,0,Confirme sua senha
1,CASH_OUT,176149.9,C24650043,0.0,0.0,C736709391,259813.0,46820.71,0,0,Transferência urgente
1,CASH_OUT,85423.63,C460741164,0.0,0.0,C1590550415,5776776.41,19169204.93,0,0,Confirme sua senha
1,PAYMENT,6165.58,C1858015030,20925.0,14759.42,M25764044,0.0,0.0,0,0,Transferência urgente
1,CASH_OUT,419801.4,C1687354037,38197.63,0.0,C33524623,499962.0,1517262.16,0,0,Confirme sua senha
1,PAYMENT,3372.29,C967323951,41398.0,38025.71,M1600594643,0.0,0.0,0,0,Transferência urgente
1,TRANSFER,330757.04,C1494346128,103657.0,0.0,C564160838,79676.0,1254956.07,0,0,Transferência urgente
1,PAYMENT,5154.97,C1207231495,9476.0,4321.03,M756936249,0.0,0.0,0,0,Transferência urgente
1,PAYMENT,5392.75,C1878413714,50757.0,45364.25,M769132147,0.0,0.0,0,0,Confirme sua senha
1,PAYMENT,17150.89,C181252244,61637.88,44486.99,M1733022752,0.0,0.0,0,0,Transferência urgente
1,TRANSFER,177652.91,C753631393,23720.0,0.0,C716157500,55.0,4894.45,0,0,Confirme sua senha
1,PAYMENT,1175.59,C1166106620,20509.0,19333.41,M1932470703,0.0,0.0,0,0,Confirme sua senha
1,TRANSFER,184986.8,C697508322,39588.0,0.0,C1688019098,52340.0,97263.78,0,0,Transferência urgente
1,PAYMENT,3671.32,C361380654,100094.0,96422.68,M631673932,0.0,0.0,0,0,Confirme sua senha
1,PAYMENT,8550.9,C1795225096,40060.0,31509.1,M790094605,0.0,0.0,0,0,Transferência urgente
1,PAYMENT,3026.98,C1909398279,31139.0,28112.02,M1632670136,0.0,0.0,0,0,Confirme sua senha
1,DEBIT,3875.99,C1252540239,259138.0,255262.01,C1509514333,608925.82,2415.16,0,0,Transferência urgente
1,CASH_OUT,82685.93,C855700733,0.0,0.0,C392292416,833216.44,3420103.09,0,0,Transferência urgente
1,CASH_OUT,99109.77,C1890266440,0.0,0.0,C1297685781,299314.82,16997.22,0,0,Confirme sua senha
1,CASH_OUT,281339.92,C1863655430,0.0,0.0,C1509514333,612801.81,2415.16,0,0,Transferência urgente
1,CASH_OUT,81029.86,C324112183,0.0,0.0,C288665596,105343.0,8496.61,0,0,Confirme sua senha
1,CASH_OUT,154716.2,C980364771,0.0,0.0,C453211571,187433.0,3461666.05,0,0,Transferência urgente
1,CASH_OUT,289645.52,C1446001495,0.0,0.0,C1023714065,871442.79,1412484.09,0,0,Confirme sua senha
1,CASH_OUT,47913.58,C141110631,0.0,0.0,C240650537,51304.0,0.0,0,0,Transferência urgente
1,CASH_OUT,344464.4,C793293778,0.0,0.0,C766572210,1133312.56,0.0,0,0,Confirme sua senha
1,CASH_OUT,25793.74,C1966355106,0.0,0.0,C476800120,215312.31,49864.36,0,0,Transferência urgente
1,CASH_OUT,89038.75,C1233327519,0.0,0.0,C2083562754,189808.0,1186556.81,0,0,Confirme sua senha
1,CASH_OUT,44443.08,C269892014,0.0,0.0,C1590550415,6048647.54,19169204.93,0,0,Transferência urgente
1,CASH_OUT,105979.34,C489411441,0.0,0.0,C736709391,435962.9,46820.71,0,0,Confirme sua senha
1,CASH_OUT,15918.79,C1711185459,0.0,0.0,C1854778591,24553.0,0.0,0,0,Transferência urgente
1,CASH_OUT,220691.42,C1123559518,0.0,0.0,C1590550415,6093090.62,19169204.93,0,0,Confirme sua senha
1,CASH_OUT,29784.06,C925150995,0.0,0.0,C920011586,63553.0,0.0,0,0,Transferência urgente
1,CASH_OUT,57279.11,C1800649922,0.0,0.0,C824009085,127206.9,64106.18,0,0,Confirme sua senha
1,CASH_OUT,80311.89,C172215878,0.0,0.0,C434091818,87408.0,63112.23,0,0,Transferência urgente
1,CASH_OUT,26004.52,C1112456099,0.0,0.0,C1225616405,52251.58,0.0,0,0,Confirme sua senha
1,CASH_OUT,296752.75,C589363823,0.0,0.0,C1531333864,404814.81,55974.56,0,0,Transferência urgente
1,CASH_OUT,365510.05,C1299327689,0.0,0.0,C564160838,564572.76,1254956.07,0,0,Confirme sua senha
1,CASH_OUT,55105.9,C2007486296,0.0,0.0,C932583850,317952.89,2719172.89,0,0,Transferência urgente
1,CASH_OUT,178439.26,C1634723627,0.0,0.0,C2083562754,278846.75,1186556.81,0,0,Confirme sua senha
1,CASH_OUT,210370.09,C2121995675,0.0,0.0,C1170794006,1442298.03,22190.99,0,0,Transferência urgente
1,CASH_OUT,82691.56,C1620409359,0.0,0.0,C248609774,657983.89,6453430.91,0,0,Confirme sua senha
1,CASH_OUT,187728.59,C264978436,0.0,0.0,C1360767589,394124.51,2107965.39,0,0,Transferência urgente
1,CASH_OUT,323105.08,C1458091526,0.0,0.0,C747464370,378299.67,1567434.81,0,0,Confirme sua senha
1,CASH_OUT,89962.11,C2018260103,0.0,0.0,C240650537,157012.19,0.0,0,0,Transferência urgente
1,CASH_OUT,163100.34,C1088417975,0.0,0.0,C401424608,1078534.03,1178808.14,0,0,Confirme sua senha
1,CASH_OUT,68912.23,C1620529408,0.0,0.0,C1688019098,237326.8,97263.78,0,0,Transferência urgente
1,CASH_OUT,106117.28,C758572926,0.0,0.0,C476402209,234216.94,51513.44,0,0,Confirme sua senha
1,CASH_OUT,71991.42,C990679445,0.0,0.0,C557041912,81682.58,557537.26,0,0,Transferência urgente
1,CASH_OUT,26759.05,C746280996,0.0,0.0,C1360767589,581853.1,2107965.39,0,0,Confirme sua senha
1,CASH_OUT,252908.87,C1557989809,0.0,0.0,C33524623,919763.4,1517262.16,0,0,Transferência urgente
1,CASH_OUT,171369.73,C2123222442,0.0,0.0,C451111351,1122370.94,3940085.21,0,0,Confirme sua senha
1,PAYMENT,12121.5,C1544078442,97058.0,84936.5,M1291367132,0.0,0.0,0,0,Transferência urgente
1,PAYMENT,7707.44,C1108889615,99827.0,92119.56,M1275028674,0.0,0.0,0,0,Confirme sua senha
1,PAYMENT,5775.15,C204322447,132329.0,126553.85,M1019484860,0.0,0.0,0,0,Transferência urgente
1,PAYMENT,2397.82,C3565780,20421.0,18023.18,M473666452,0.0,0.0,0,0,Confirme sua senha
1,DEBIT,4497.87,C1278002745,107388.0,102890.13,C510113906,19053.0,5417.23,0,0,Transferência urgente
1,PAYMENT,3930.81,C15477956,6032.0,2101.19,M710623214,0.0,0.0,0,0,Confirme sua senha
1,CASH_OUT,61159.51,C859690270,0.0,0.0,C476402209,340334.22,51513.44,0,0,Transferência urgente
1,CASH_OUT,32702.61,C553759818,0.0,0.0,C75457651,253053.0,31469.78,0,0,Confirme sua senha
1,PAYMENT,3608.41,C635611994,11150.0,7541.59,M904253669,0.0,0.0,0,0,Confirme sua senha
1,PAYMENT,6099.96,C1700721442,42133.0,36033.04,M2116511124,0.0,0.0,0,0,Transferência urgente
1,PAYMENT,4635.18,C1110698130,6313782.05,6309146.87,M125644421,0.0,0.0,0,0,Confirme sua senha
1,PAYMENT,6911.99,C89509666,6307878.9,6300966.92,M1806880779,0.0,0.0,0,0,Transferência urgente
1,PAYMENT,3199.06,C832292933,6299171.25,6295972.18,M1280603381,0.0,0.0,0,0,Confirme sua senha
1,PAYMENT,9029.12,C1003755748,25480.0,16450.88,M1414013111,0.0,0.0,0,0,Transferência urgente
1,PAYMENT,2057.71,C896138248,25132.0,23074.29,M548482954,0.0,0.0,0,0,Confirme sua senha
1,TRANSFER,2806.0,C1420196421,2806.0,0.0,C972765878,0.0,0.0,1,0,Transferência urgente
1,PAYMENT,6737.2,C1454026445,624.0,0.0,M1378497201,0.0,0.0,0,0,Confirme sua senha
1,PAYMENT,1239.06,C1574873161,396386.0,395146.94,M1591916281,0.0,0.0,0,0,Transferência urgente
1,PAYMENT,5237.54,C1492875057,27105.0,21867.46,M333793193,0.0,0.0,0,0,Confirme sua senha
1,PAYMENT,2731.37,C1586151649,17540.0,14808.63,M179294202,0.0,0.0,0,0,Confirme sua senha
1,PAYMENT,6598.71,C727666004,16392.0,9793.29,M1601935322,0.0,0.0,0,0,Transferência urgente
1,PAYMENT,2867.14,C975033189,943.0,0.0,M962287291,0.0,0.0,0,0,Confirme sua senha
1,PAYMENT,8948.03,C788905599,11137.0,2188.97,M1678709153,0.0,0.0,0,0,Confirme sua senha
1,PAYMENT,1084.9,C2059592603,13727.0,12642.1,M2016828666,0.0,0.0,0,0,Transferência urgente
1,PAYMENT,5812.36,C1390301622,3185.41,0.0,M415565467,0.0,0.0,0,0,Confirme sua senha
1,PAYMENT,2734.77,C1756207614,4511.0,1776.23,M1214133948,0.0,0.0,0,0,Transferência urgente
1,CASH_OUT,369989.2,C1936550492,9515.86,0.0,C1789550256,518243.06,4619798.56,0,0,Transferência urgente
1,CASH_OUT,65521.42,C1532139270,0.0,0.0,C920011586,93337.06,0.0,0,0,Confirme sua senha
1,CASH_OUT,262392.36,C2069500590,0.0,0.0,C2083562754,457286.01,1186556.81,0,0,Transferência urgente
1,CASH_OUT,202624.59,C452364286,0.0,0.0,C985934102,1056495.21,971418.91,0,0,Confirme sua senha
1,CASH_OUT,118056.71,C1060703587,0.0,0.0,C757108857,272906.49,0.0,0,0,Transferência urgente
1,CASH_OUT,691738.36,C1514214932,0.0,0.0,C1590550415,6285707.02,19169204.93,0,0,Confirme sua senha
1,PAYMENT,4419.04,C1423016050,52951.0,48531.96,M352776719,0.0,0.0,0,0,Transferência urgente
1,PAYMENT,3007.83,C440736059,49905.0,46897.17,M955324150,0.0,0.0,0,0,Confirme sua senha
1,PAYMENT,1445.06,C207546206,10892.0,9446.94,M1218519094,0.0,0.0,0,0,Confirme sua senha
1,PAYMENT,3417.18,C191945292,126.75,0.0,M1242688388,0.0,0.0,0,0,Transferência urgente
1,PAYMENT,5580.98,C1130346421,7781.0,2200.02,M1316005672,0.0,0.0,0,0,Confirme sua senha
1,PAYMENT,7265.63,C1768882706,14508.0,7242.37,M1463022229,0.0,0.0,0,0,Transferência urgente
1,PAYMENT,7870.29,C1202220987,1445223.63,1437353.34,M256346753,0.0,0.0,0,0,Confirme sua senha
1,PAYMENT,6675.34,C2075568954,10107.0,3431.66,M2145896000,0.0,0.0,0,0,Transferência urgente
1,PAYMENT,13310.78,C2095677157,0.0,0.0,M852026681,0.0,0.0,0,0,Confirme sua senha
1,PAYMENT,2130.3,C847320212,10958.0,8827.7,M1201004240,0.0,0.0,0,0,Transferência urgente
1,PAYMENT,36349.35,C785306763,1056.3,0.0,M1204088028,0.0,0.0,0,0,Confirme sua senha
1,PAYMENT,2340.34,C79161706,0.0,0.0,M1685407532,0.0,0.0,0,0,Transferência urgente
1,PAYMENT,15785.85,C1888924788,0.0,0.0,M1041547629,0.0,0.0,0,0,Confirme sua senha
1,PAYMENT,9014.95,C1027319653,0.0,0.0,M633079302,0.0,0.0,0,0,Transferência urgente
1,PAYMENT,4802.31,C424786033,0.0,0.0,M1545077099,0.0,0.0,0,0,Confirme sua senha
1,PAYMENT,4182.93,C1470911015,0.0,0.0,M1268974304,0.0,0.0,0,0,Transferência urgente
1,PAYMENT,8491.9,C795748540,0.0,0.0,M2081000371,0.0,0.0,0,0,Confirme sua senha
1,PAYMENT,6536.86,C416201381,17319.0,10782.14,M1178290888,0.0,0.0,0,0,Transferência urgente
1,PAYMENT,1553.21,C1660325375,31516.0,29962.79,M251664534,0.0,0.0,0,0,Confirme sua senha
1,CASH_OUT,106267.21,C487416600,0.0,0.0,C476800120,241106.05,49864.36,0,0,Transferência urgente
1,PAYMENT,3666.42,C1544895390,48117.0,44450.58,M712410791,0.0,0.0,0,0,Confirme sua senha
1,DEBIT,4565.14,C201274566,30265.0,25699.86,C747464370,829892.09,1567434.81,0,0,Transferência urgente
1,TRANSFER,123179.97,C1447353473,7215.0,0.0,C20671747,12904.68,43691.09,0,0,Confirme sua senha
1,PAYMENT,2803.83,C1129433283,0.0,0.0,M864138492,0.0,0.0,0,0,Transferência urgente
1,PAYMENT,6297.71,C1547883191,762.0,0.0,M1650113431,0.0,0.0,0,0,Confirme sua senha
1,PAYMENT,5320.1,C1089930529,56087.54,50767.43,M2001115307,0.0,0.0,0,0,Transferência urgente
1,TRANSFER,522264.81,C1927963027,24.0,0.0,C1234776885,11361.0,2025098.66,0,0,Confirme sua senha
1,PAYMENT,3704.97,C1167088639,24553.0,20848.03,M707531688,0.0,0.0,0,0,Transferência urgente
1,PAYMENT,3896.42,C751608431,11558.39,7661.97,M1723290893,0.0,0.0,0,0,Confirme sua senha
1,PAYMENT,6660.33,C893523498,17710.0,11049.67,M1770070706,0.0,0.0,0,0,Transferência urgente
1,TRANSFER,53783.57,C511354923,0.0,0.0,C1899073220,75514.0,420946.86,0,0,Confirme sua senha
1,TRANSFER,211075.91,C1540894701,0.0,0.0,C564160838,930082.81,1254956.07,0,0,Transferência urgente
1,TRANSFER,473499.51,C1198197478,0.0,0.0,C453211571,883248.39,3461666.05,0,0,Confirme sua senha
1,TRANSFER,2421578.09,C106297322,0.0,0.0,C1590550415,8515645.77,19169204.93,0,0,Transferência urgente
1,TRANSFER,314403.14,C1262110193,0.0,0.0,C1789550256,888232.25,4619798.56,0,0,Confirme sua senha
1,TRANSFER,180368.84,C1055601039,0.0,0.0,C1359044626,1437353.34,16518.36,0,0,Transferência urgente
1,TRANSFER,1123206.66,C967677821,0.0,0.0,C451111351,1773963.18,3940085.21,0,0,Confirme sua senha
1,TRANSFER,176334.26,C169880779,45136.0,0.0,C1286084959,1251626.46,2107778.11,0,0,Transferência urgente
1,TRANSFER,108443.61,C1974622245,0.0,0.0,C240650537,246974.3,0.0,0,0,Confirme sua senha
1,TRANSFER,55536.86,C332365138,0.0,0.0,C392292416,915902.37,3420103.09,0,0,Transferência urgente
1,TRANSFER,928722.69,C1563053805,0.0,0.0,C985934102,1259119.8,971418.91,0,0,Confirme sua senha
1,TRANSFER,2545478.01,C1057507014,0.0,0.0,C1590550415,12394437.4,19169204.93,0,0,Transferência urgente
1,TRANSFER,983479.66,C2029780820,0.0,0.0,C1170794006,3131440.16,22190.99,0,0,Confirme sua senha
1,TRANSFER,848231.57,C2116179210,0.0,0.0,C1170794006,4114919.82,22190.99,0,0,Transferência urgente
1,TRANSFER,324397.94,C1648700617,0.0,0.0,C932583850,373058.79,2719172.89,0,0,Confirme sua senha
1,TRANSFER,955855.0,C94830685,0.0,0.0,C248609774,1179112.54,6453430.91,0,0,Transferência urgente
1,PAYMENT,5446.88,C270661321,666.0,0.0,M1964434661,0.0,0.0,0,0,Confirme sua senha
1,PAYMENT,8494.71,C1099552523,11129.0,2634.29,M66724371,0.0,0.0,0,0,Transferência urgente
1,CASH_IN,143236.26,C1862994526,0.0,143236.26,C1688019098,608932.17,97263.78,0,0,Confirme sua senha
1,CASH_IN,35902.49,C839771540,371688.15,407590.65,C2001112025,49003.3,0.0,0,0,Transferência urgente
1,CASH_IN,65912.95,C180316302,640544.28,706457.23,C1330106945,104198.26,24044.18,0,0,Confirme sua senha
1,CASH_IN,60836.64,C443713699,899949.91,960786.56,C488044861,143436.0,5203.54,0,0,Transferência urgente
1,CASH_IN,349640.51,C1493042329,1023111.71,1372752.22,C909295153,360950.61,5602234.95,0,0,Confirme sua senha
1,CASH_IN,380015.14,C1717433286,1508076.41,1888091.55,C401424608,1336470.16,1178808.14,0,0,Transferência urgente
1,CASH_IN,311023.52,C1078262677,2306779.82,2617803.34,C766572210,1477776.96,0.0,0,0,Confirme sua senha
1,CASH_IN,228710.05,C57624756,2769665.72,2998375.78,C1297685781,743792.14,16997.22,0,0,Transferência urgente
1,CASH_IN,182861.45,C998242313,3218806.87,3401668.32,C485041780,192776.92,0.0,0,0,Confirme sua senha
1,CASH_IN,38071.17,C1659286984,3633549.82,3671620.98,C601893033,122487.0,54985.05,0,0,Transferência urgente
1,CASH_IN,114271.72,C2072130509,3758738.27,3873009.99,C985934102,3170705.3,971418.91,0,0,Confirme sua senha
1,CASH_IN,764772.98,C482307698,3946209.08,4710982.07,C985934102,3056433.58,971418.91,0,0,Transferência urgente
1,CASH_IN,6287.28,C1765702,4817829.42,4824116.71,C1651855867,11274.0,0.0,0,0,Confirme sua senha
1,CASH_IN,55837.16,C713898436,4849053.05,4904890.21,C100555887,66800.82,10963.66,0,0,Transferência urgente
1,CASH_IN,104605.78,C1920305914,4968145.5,5072751.28,C357863579,207302.14,92307.65,0,0,Confirme sua senha
1,CASH_IN,257348.03,C1278839936,5226912.1,5484260.13,C985934102,2291660.6,971418.91,0,0,Transferência urgente
1,CASH_IN,53560.68,C565881091,5685333.94,5738894.62,C1761291320,172857.68,22233.65,0,0,Confirme sua senha
1,CASH_IN,227335.16,C1621254922,6073129.01,6300464.17,C564160838,1817946.5,1254956.07,0,0,Transferência urgente
1,CASH_IN,2643.45,C1574509514,6434890.26,6437533.71,C215145189,49974.0,1891.79,0,0,Confirme sua senha
1,CASH_IN,25090.03,C864221358,6572510.82,6597600.85,C1282788025,80148.6,0.0,0,0,Transferência urgente
1,CASH_IN,217615.09,C1979080261,6744989.53,6962604.61,C392292416,971439.24,3420103.09,0,0,Confirme sua senha
1,CASH_IN,12336.48,C1250499735,7317899.11,7330235.59,C990398217,21024.0,83845.22,0,0,Transferência urgente
1,CASH_IN,285185.34,C1293462056,7679741.48,7964926.82,C1335050193,451065.09,353532.56,0,0,Confirme sua senha
1,CASH_IN,214851.41,C2002174925,8097880.27,8312731.68,C33524623,939718.63,1517262.16,0,0,Transferência urgente
1,CASH_IN,62871.06,C735228558,8367720.25,8430591.3,C716157500,177707.91,4894.45,0,0,Confirme sua senha
1,CASH_IN,131409.27,C1476235721,8491742.16,8623151.43,C1068824137,290276.03,265092.36,0,0,Transferência urgente
1,PAYMENT,2054.84,C1376017854,22195.0,20140.16,M1732663543,0.0,0.0,0,0,Confirme sua senha
1,CASH_IN,13289.87,C1448805967,333513.72,346803.59,C1225616405,78256.1,0.0,0,0,Transferência urgente
1,CASH_IN,127954.7,C1930837320,373873.7,501828.4,C564160838,1590611.34,1254956.07,0,0,Confirme sua senha
1,CASH_IN,144366.64,C1453606810,698859.44,843226.08,C985934102,1720939.01,971418.91,0,0,Transferência urgente
1,CASH_IN,123103.74,C547923534,851191.57,974295.31,C736709391,541942.24,46820.71,0,0,Confirme sua senha
1,CASH_IN,74933.22,C379124840,1080930.07,1155863.3,C1023714065,1312918.22,1412484.09,0,0,Transferência urgente
1,CASH_IN,5763.99,C544966217,1276098.29,1281862.28,C1870252780,24632.95,46462.23,0,0,Confirme sua senha
1,CASH_IN,162665.98,C882471736,1438784.65,1601450.63,C1096283470,362164.9,0.0,0,0,Transferência urgente
1,CASH_IN,142577.44,C727197178,1601450.63,1744028.07,C1100439041,174480.01,0.0,0,0,Confirme sua senha
1,CASH_IN,157108.01,C749604930,1750943.45,1908051.46,C985934102,1576572.37,971418.91,0,0,Transferência urgente
1,CASH_IN,146331.12,C2082509879,2131606.6,2277937.72,C1531333864,1053791.45,55974.56,0,0,Confirme sua senha
1,CASH_IN,222711.47,C2123533871,2419068.96,2641780.43,C1590550415,16651492.34,19169204.93,0,0,Transferência urgente
1,CASH_IN,628719.07,C2022689531,2726760.74,3355479.81,C1359044626,1484768.73,16518.36,0,0,Confirme sua senha
1,CASH_IN,57809.81,C635610193,3434765.61,3492575.42,C1454031203,59666.0,0.0,0,0,Transferência urgente
1,CASH_IN,248196.92,C281421502,3567618.59,3815815.51,C1297685781,318051.05,16997.22,0,0,Confirme sua senha
1,CASH_IN,403418.39,C848097505,3834666.95,4238085.34,C1286084959,1801028.99,2107778.11,0,0,Transferência urgente
1,CASH_IN,32325.24,C1122233828,4473650.15,4505975.39,C1068824137,158866.76,265092.36,0,0,Confirme sua senha
1,CASH_IN,355500.25,C1967496309,4851323.08,5206823.33,C766572210,1166753.44,0.0,0,0,Transferência urgente
1,CASH_IN,108803.98,C1173340685,5309829.12,5418633.09,C766572210,811253.19,0.0,0,0,Confirme sua senha
1,CASH_IN,234094.24,C1739267143,5678386.36,5912480.6,C985934102,1278333.12,971418.91,0,0,Transferência urgente
1,CASH_IN,186838.95,C817689537,6185786.33,6372625.28,C736709391,418838.5,46820.71,0,0,Confirme sua senha
1,CASH_IN,152823.85,C365625031,6565786.32,6718610.17,C1789550256,1202635.39,4619798.56,0,0,Transferência urgente
1,CASH_IN,277807.48,C212963786,6810067.99,7087875.47,C1531333864,907460.33,55974.56,0,0,Confirme sua senha
1,CASH_IN,2099.59,C685934,7096554.61,7098654.2,C1854778591,40471.79,0.0,0,0,Transferência urgente
1,CASH_IN,206097.65,C2031377754,7320347.28,7526444.93,C564160838,1239101.5,1254956.07,0,0,Confirme sua senha
1,CASH_IN,73210.99,C1280124872,7548829.13,7622040.12,C1435804085,79582.64,96.88,0,0,Transferência urgente
1,CASH_IN,6284.18,C864326906,7858787.73,7865071.9,C1749186397,328727.16,277515.05,0,0,Confirme sua senha
1,CASH_IN,160347.32,C1972143064,7965270.68,8125617.99,C33524623,724867.22,1517262.16,0,0,Transferência urgente
1,CASH_IN,63189.26,C95369743,8414890.75,8478080.0,C1860513229,101925.0,0.0,0,0,Confirme sua senha
1,PAYMENT,5882.32,C278476563,10252.0,4369.68,M1479909053,0.0,0.0,0,0,Transferência urgente
1,PAYMENT,5937.72,C1926180325,21779.0,15841.28,M733461760,0.0,0.0,0,0,Confirme sua senha
1,PAYMENT,13449.95,C1170788511,11080.0,0.0,M1400973979,0.0,0.0,0,0,Transferência urgente
1,PAYMENT,6460.86,C1110195322,31009.0,24548.14,M404947798,0.0,0.0,0,0,Confirme sua senha
1,TRANSFER,420532.33,C582300198,5386.08,0.0,C1971489295,614566.02,0.0,0,0,Confirme sua senha
1,CASH_OUT,147804.02,C1086849943,66.14,0.0,C1182461167,158919.0,23508.22,0,0,Transferência urgente
1,CASH_OUT,145944.67,C177104018,24376.0,0.0,C1123629720,222.0,46393.85,0,0,Transferência urgente
1,DEBIT,5581.55,C997695567,530.0,0.0,C1282788025,55058.57,0.0,0,0,Confirme sua senha
1,PAYMENT,2528.1,C48305285,5037.0,2508.9,M1625090026,0.0,0.0,0,0,Transferência urgente
1,PAYMENT,1456.09,C93798665,101018.0,99561.91,M41092582,0.0,0.0,0,0,Confirme sua senha
1,TRANSFER,276460.62,C1871680329,595.0,0.0,C1360767589,1105242.28,2107965.39,0,0,Transferência urgente
1,PAYMENT,12666.68,C1547398254,891.0,0.0,M1337829755,0.0,0.0,0,0,Confirme sua senha
1,CASH_OUT,195314.34,C934740803,0.0,0.0,C2083562754,491226.48,1186556.81,0,0,Transferência urgente
1,PAYMENT,14306.8,C1215951090,0.0,0.0,M1205559205,0.0,0.0,0,0,Confirme sua senha
1,DEBIT,3179.7,C1182311147,124703.85,121524.14,C1540270363,20767.0,0.0,0,0,Transferência urgente
1,PAYMENT,3060.54,C1491860739,118643.46,115582.92,M1527214863,0.0,0.0,0,0,Confirme sua senha
1,PAYMENT,3486.78,C231725600,114703.5,111216.72,M1831882653,0.0,0.0,0,0,Transferência urgente
1,PAYMENT,2426.31,C803893384,89685.77,87259.46,M1078566479,0.0,0.0,0,0,Confirme sua senha
1,PAYMENT,8690.69,C348132918,63504.55,54813.86,M1493988307,0.0,0.0,0,0,Confirme sua senha
1,PAYMENT,5432.09,C1978504976,49867.83,44435.75,M1338368149,0.0,0.0,0,0,Transferência urgente
1,PAYMENT,3943.17,C2044337856,36786.34,32843.16,M435914790,0.0,0.0,0,0,Confirme sua senha
1,TRANSFER,51719.13,C1659515968,882.0,0.0,C1629911510,59670.0,15375.37,0,0,Transferência urgente
1,PAYMENT,19561.05,C1724814719,0.0,0.0,M1437988306,0.0,0.0,0,0,Confirme sua senha
1,PAYMENT,9778.81,C1956415355,18824.0,9045.19,M251520863,0.0,0.0,0,0,Transferência urgente
1,PAYMENT,5055.94,C992086987,30295.0,25239.06,M731243659,0.0,0.0,0,0,Confirme sua senha
1,PAYMENT,8531.42,C369805307,18961.11,10429.69,M314562573,0.0,0.0,0,0,Transferência urgente
1,CASH_OUT,227478.01,C1394010463,25743.78,0.0,C1590550415,16428780.87,19169204.93,0,0,Confirme sua senha
1,TRANSFER,100588.8,C1636588948,18913.68,0.0,C2050019814,105223.0,0.0,0,0,Transferência urgente
1,PAYMENT,2998.2,C677120200,15593.45,12595.25,M694069884,0.0,0.0,0,0,Transferência urgente
1,PAYMENT,1209.64,C1692073709,3325.26,2115.61,M948675904,0.0,0.0,0,0,Confirme sua senha
1,PAYMENT,7797.0,C500230084,816.91,0.0,M2023026843,0.0,0.0,0,0,Transferência urgente
1,PAYMENT,7067.9,C2078641942,0.0,0.0,M606775513,0.0,0.0,0,0,Confirme sua senha
1,PAYMENT,3316.21,C1626852381,0.0,0.0,M300604602,0.0,0.0,0,0,Transferência urgente
1,PAYMENT,16505.51,C1171255580,0.0,0.0,M34073107,0.0,0.0,0,0,Confirme sua senha
1,PAYMENT,2056.59,C1478995734,0.0,0.0,M1699578227,0.0,0.0,0,0,Transferência urgente
1,PAYMENT,3222.32,C104261836,0.0,0.0,M259630944,0.0,0.0,0,0,Confirme sua senha
1,PAYMENT,9491.89,C597364637,0.0,0.0,M1637613097,0.0,0.0,0,0,Transferência urgente
1,PAYMENT,11938.61,C1697281847,0.0,0.0,M1535026957,0.0,0.0,0,0,Confirme sua senha
1,PAYMENT,32643.79,C821405322,0.0,0.0,M505231702,0.0,0.0,0,0,Transferência urgente
1,PAYMENT,4573.12,C1408533352,13490.65,8917.54,M617928649,0.0,0.0,0,0,Confirme sua senha
1,PAYMENT,5770.32,C1943750504,938.3,0.0,M1907604549,0.0,0.0,0,0,Transferência urgente
1,DEBIT,12154.7,C1011044643,39699.0,27544.3,C451111351,2051287.58,3940085.21,0,0,Confirme sua senha
1,PAYMENT,9616.45,C2056234595,72521.43,62904.98,M1558395480,0.0,0.0,0,0,Transferência urgente
1,PAYMENT,4932.54,C1398260359,136555.0,131622.46,M371397455,0.0,0.0,0,0,Confirme sua senha
1,CASH_IN,98560.08,C1213871206,197036.35,295596.43,C434091818,167719.89,63112.23,0,0,Transferência urgente
1,CASH_IN,161632.16,C725832346,310651.04,472283.2,C985934102,1044238.89,971418.91,0,0,Confirme sua senha
1,CASH_IN,9577.45,C1527007086,519812.39,529389.85,C838411509,32204.0,22774.25,0,0,Transferência urgente
1,CASH_IN,89327.65,C1807176280,943628.44,1032956.09,C451111351,2063442.28,3940085.21,0,0,Confirme sua senha
1,CASH_IN,24470.43,C1977618945,1227856.25,1252326.68,C1360767589,1381702.9,2107965.39,0,0,Transferência urgente
1,CASH_IN,9067.51,C1995952705,1469995.06,1479062.57,C1182461167,306723.02,23508.22,0,0,Confirme sua senha
1,CASH_IN,45317.95,C1060519157,1815890.48,1861208.43,C2096057945,99578.86,0.0,0,0,Transferência urgente
1,CASH_IN,154578.28,C1269773610,2091229.45,2245807.73,C564160838,1033003.86,1254956.07,0,0,Confirme sua senha
1,CASH_IN,206405.92,C367967231,2559941.74,2766347.65,C453211571,1221423.7,3461666.05,0,0,Transferência urgente
1,CASH_IN,188238.54,C815336475,2925342.94,3113581.47,C766572210,702449.21,0.0,0,0,Confirme sua senha
1,CASH_IN,205955.77,C1149407083,3134837.27,3340793.04,C1688019098,465695.91,97263.78,0,0,Transferência urgente
1,CASH_IN,42547.96,C1430199669,3519163.4,3561711.36,C673068808,59693.0,9672.67,0,0,Confirme sua senha
1,CASH_IN,39249.67,C1043639521,3576863.51,3616113.18,C1225616405,64966.23,0.0,0,0,Transferência urgente
1,CASH_IN,81694.11,C1325866488,3717782.35,3799476.47,C2083562754,686540.82,1186556.81,0,0,Confirme sua senha
1,CASH_IN,35502.25,C1454171136,3809743.17,3845245.42,C1832580921,41159.0,0.0,0,0,Transferência urgente
1,CASH_IN,219220.21,C811562535,4028495.42,4247715.63,C451111351,1974114.63,3940085.21,0,0,Confirme sua senha
1,CASH_IN,143148.97,C1824322115,4502611.13,4645760.1,C1170794006,4547209.8,22190.99,0,0,Transferência urgente
1,CASH_IN,148834.28,C1648582256,4778217.62,4927051.9,C766572210,514210.68,0.0,0,0,Confirme sua senha
1,CASH_IN,223123.71,C951988316,5033779.71,5256903.42,C1359044626,394281.87,16518.36,0,0,Transferência urgente
1,CASH_IN,338964.91,C1591161296,5451214.77,5790179.68,C766572210,365376.39,0.0,0,0,Confirme sua senha
1,CASH_IN,29467.02,C2076249476,6037755.07,6067222.09,C1749186397,322442.98,277515.05,0,0,Transferência urgente
1,CASH_IN,198847.32,C1088491512,6157562.25,6356409.58,C1023714065,964679.26,1412484.09,0,0,Confirme sua senha
1,CASH_IN,76932.89,C648315947,6511484.99,6588417.88,C1023714065,765831.94,1412484.09,0,0,Transferência urgente
1,CASH_IN,7322.98,C913242382,6681389.66,6688712.64,C146305349,64966.0,57643.02,0,0,Confirme sua senha
1,CASH_IN,62983.91,C837246227,6910839.59,6973823.5,C1740000325,454778.18,1363368.51,0,0,Transferência urgente
1,CASH_IN,246816.65,C1262237002,6975095.27,7221911.92,C33524623,933112.37,1517262.16,0,0,Confirme sua senha
1,CASH_IN,30811.56,C1946111918,7243810.89,7274622.45,C22805895,152178.0,651524.92,0,0,Transferência urgente
1,CASH_IN,46630.53,C194415222,7374897.54,7421528.07,C2083562754,604846.71,1186556.81,0,0,Confirme sua senha
1,CASH_IN,90556.08,C638695843,7580303.64,7670859.72,C288665596,186372.86,8496.61,0,0,Transferência urgente
1,CASH_IN,66216.71,C1800967368,7844808.61,7911025.32,C97730845,117785.88,9940339.29,0,0,Confirme sua senha
1,CASH_IN,371883.82,C1061448687,8127159.31,8499043.13,C1971489295,880022.94,0.0,0,0,Transferência urgente
1,CASH_IN,71275.47,C1467515503,8499043.13,8570318.6,C20671747,136084.66,43691.09,0,0,Confirme sua senha
1,CASH_IN,317393.38,C1197721383,8906617.38,9224010.75,C1286084959,1175483.65,2107778.11,0,0,Transferência urgente
1,CASH_IN,311449.38,C1639765351,9405012.76,9716462.14,C1789550256,713512.77,4619798.56,0,0,Confirme sua senha
1,PAYMENT,1449.03,C1166230227,80983.0,79533.97,M365056339,0.0,0.0,0,0,Transferência urgente
1,CASH_OUT,227768.63,C1445424568,1011466.31,783697.68,C1023714065,530123.48,1412484.09,0,0,Confirme sua senha
1,PAYMENT,4940.2,C1459016715,48005.0,43064.8,M912747546,0.0,0.0,0,0,Transferência urgente
1,DEBIT,8807.01,C767511741,139428.0,130620.99,C20671747,64809.18,43691.09,0,0,Confirme sua senha
1,PAYMENT,10040.52,C2143571436,61553.96,51513.44,M2117099736,0.0,0.0,0,0,Transferência urgente
1,PAYMENT,11990.19,C647149086,885.0,0.0,M2070160397,0.0,0.0,0,0,Confirme sua senha
1,PAYMENT,1928.55,C1959451969,5096.0,3167.45,M777313177,0.0,0.0,0,0,Transferência urgente
1,PAYMENT,6969.67,C1114335860,61091.0,54121.33,M80026551,0.0,0.0,0,0,Transferência urgente
1,CASH_OUT,20128.0,C1118430673,20128.0,0.0,C339924917,6268.0,12145.85,1,0,Confirme sua senha
1,DEBIT,4040.84,C1800693087,1938.0,0.0,C1825027294,51339.0,36757.68,0,0,Transferência urgente
1,PAYMENT,1101.09,C1868578441,30858.0,29756.91,M659996839,0.0,0.0,0,0,Confirme sua senha
1,CASH_OUT,213922.13,C1768127248,16418.22,0.0,C1234776885,431956.63,2025098.66,0,0,Transferência urgente
1,CASH_OUT,33269.25,C375074687,0.0,0.0,C1629911510,111389.13,15375.37,0,0,Confirme sua senha
1,CASH_OUT,86410.3,C662666707,0.0,0.0,C1023714065,757892.11,1412484.09,0,0,Transferência urgente
1,CASH_OUT,161613.93,C593768538,0.0,0.0,C1789550256,402063.39,4619798.56,0,0,Confirme sua senha
1,CASH_OUT,596617.87,C466032056,0.0,0.0,C1234776885,645878.76,2025098.66,0,0,Transferência urgente
1,CASH_OUT,377520.94,C726212590,0.0,0.0,C1789550256,563677.32,4619798.56,0,0,Confirme sua senha
1,CASH_OUT,86204.31,C475394679,0.0,0.0,C1789550256,941198.26,4619798.56,0,0,Transferência urgente
1,CASH_OUT,18288.91,C1049590050,0.0,0.0,C1286084959,858090.28,2107778.11,0,0,Confirme sua senha
1,CASH_OUT,126774.5,C1357686726,0.0,0.0,C1234776885,1242496.63,2025098.66,0,0,Transferência urgente
1,CASH_OUT,109732.52,C501608687,0.0,0.0,C1816757085,8244985.62,10681238.79,0,0,Confirme sua senha
1,CASH_OUT,5223.97,C42820240,0.0,0.0,C1122805102,10429.69,23568.91,0,0,Transferência urgente
1,CASH_OUT,406297.68,C1592840862,0.0,0.0,C985934102,882606.73,971418.91,0,0,Confirme sua senha
1,TRANSFER,16631.14,C1021565761,0.0,0.0,C998351292,89102.55,1015132.48,0,0,Transferência urgente
1,PAYMENT,3154.06,C237373286,24239.0,21084.94,M742255664,0.0,0.0,0,0,Confirme sua senha
1,TRANSFER,43670.84,C749486981,0.0,0.0,C885951223,79331.08,215851.28,0,0,Confirme sua senha
1,PAYMENT,7417.09,C2061440682,843.0,0.0,M883020319,0.0,0.0,0,0,Transferência urgente
1,CASH_OUT,213490.87,C1907241392,75550.57,0.0,C1971489295,508139.13,0.0,0,0,Confirme sua senha
1,CASH_OUT,287265.38,C739264372,24458.17,0.0,C306206744,486947.17,3554299.27,0,0,Transferência urgente
1,PAYMENT,6432.26,C1313960293,0.0,0.0,M1155757579,0.0,0.0,0,0,Confirme sua senha
1,PAYMENT,3791.28,C494894055,32463.0,28671.72,M1123226989,0.0,0.0,0,0,Transferência urgente
1,PAYMENT,7163.9,C616412281,114219.94,107056.04,M2118096382,0.0,0.0,0,0,Confirme sua senha
1,PAYMENT,17348.25,C1705665942,100498.52,83150.27,M1731763384,0.0,0.0,0,0,Transferência urgente
1,PAYMENT,6811.97,C864248990,81564.0,74752.02,M285074186,0.0,0.0,0,0,Confirme sua senha
1,PAYMENT,4804.68,C879311295,38100.95,33296.27,M1274247563,0.0,0.0,0,0,Transferência urgente
1,PAYMENT,13833.75,C163385254,13920.76,87.01,M1506938939,0.0,0.0,0,0,Confirme sua senha
1,PAYMENT,22043.92,C258737099,0.0,0.0,M1190566357,0.0,0.0,0,0,Transferência urgente
1,PAYMENT,11438.39,C1988939205,0.0,0.0,M80141040,0.0,0.0,0,0,Confirme sua senha
1,PAYMENT,11881.78,C371976476,0.0,0.0,M612937843,0.0,0.0,0,0,Transferência urgente
1,PAYMENT,9470.85,C483525032,0.0,0.0,M2109219177,0.0,0.0,0,0,Confirme sua senha
1,PAYMENT,13679.84,C52913970,0.0,0.0,M1059634518,0.0,0.0,0,0,Transferência urgente
1,PAYMENT,1987.4,C567852222,0.0,0.0,M1541433310,0.0,0.0,0,0,Confirme sua senha
1,PAYMENT,3511.45,C2088582214,11310.0,7798.55,M620456576,0.0,0.0,0,0,Transferência urgente
1,PAYMENT,3043.27,C2051598050,36369.0,33325.73,M188791662,0.0,0.0,0,0,Transferência urgente
1,PAYMENT,5924.89,C1829460911,1518.0,0.0,M1662912171,0.0,0.0,0,0,Confirme sua senha
1,PAYMENT,4355.66,C54960993,120.0,0.0,M276748028,0.0,0.0,0,0,Transferência urgente
1,PAYMENT,2358.63,C409565350,70824.0,68465.37,M771923297,0.0,0.0,0,0,Confirme sua senha
1,PAYMENT,8946.63,C1079125839,95066.0,86119.37,M321772459,0.0,0.0,0,0,Transferência urgente
1,PAYMENT,8358.12,C1542598424,293.0,0.0,M645875534,0.0,0.0,0,0,Confirme sua senha
1,PAYMENT,10498.05,C1659309731,16730.0,6231.95,M1056862342,0.0,0.0,0,0,Transferência urgente
1,TRANSFER,138857.19,C1947941827,109473.0,0.0,C1789550256,1027402.57,4619798.56,0,0,Confirme sua senha
1,PAYMENT,3626.96,C1758893871,23506.0,19879.04,M1170111701,0.0,0.0,0,0,Transferência urgente
1,DEBIT,8703.54,C1832283291,137782.0,129078.46,C1335050193,63279.34,353532.56,0,0,Confirme sua senha
1,PAYMENT,9800.58,C976358110,12617.16,2816.58,M1690233783,0.0,0.0,0,0,Transferência urgente
1,PAYMENT,4227.19,C198098993,36054.0,31826.81,M553672556,0.0,0.0,0,0,Confirme sua senha
1,PAYMENT,4376.46,C703555670,9809.0,5432.54,M179808568,0.0,0.0,0,0,Transferência urgente
1,TRANSFER,345698.98,C1453062635,40419.0,0.0,C997608398,20489.94,157982.12,0,0,Confirme sua senha
1,PAYMENT,7367.06,C124494140,14528.0,7160.94,M246826139,0.0,0.0,0,0,Transferência urgente
1,DEBIT,1150.14,C1119242936,21634.0,20483.86,C1122805102,15653.66,23568.91,0,0,Confirme sua senha
1,PAYMENT,2380.46,C1091234211,101428.0,99047.54,M832145584,0.0,0.0,0,0,Transferência urgente
1,TRANSFER,32132.45,C2116299597,62491.91,30359.46,C1466073198,59605.0,0.0,0,0,Confirme sua senha
1,TRANSFER,62073.54,C1496220730,0.0,0.0,C1740000325,228702.01,1363368.51,0,0,Transferência urgente
1,TRANSFER,2290.73,C1111379131,0.0,0.0,C660143728,79471.66,42450.71,0,0,Confirme sua senha
1,TRANSFER,639378.37,C1135935001,0.0,0.0,C392292416,753824.15,3420103.09,0,0,Transferência urgente
1,TRANSFER,1867849.02,C355885103,0.0,0.0,C665576141,2271538.11,5515763.34,0,0,Confirme sua senha
1,TRANSFER,348186.2,C706665172,0.0,0.0,C306206744,774212.55,3554299.27,0,0,Transferência urgente
1,TRANSFER,799483.57,C1153933106,0.0,0.0,C306206744,1122398.75,3554299.27,0,0,Confirme sua senha
1,TRANSFER,483544.3,C593447952,0.0,0.0,C1286084959,876379.19,2107778.11,0,0,Transferência urgente
1,DEBIT,7546.88,C209360730,51368.0,43821.12,C1259769769,11353.0,252055.24,0,0,Confirme sua senha
1,DEBIT,1741.24,C1687627235,80942.0,79200.76,C997608398,366188.92,157982.12,0,0,Transferência urgente
1,PAYMENT,6606.31,C1387620926,6968.75,362.44,M265348534,0.0,0.0,0,0,Confirme sua senha
1,TRANSFER,84212.94,C1336775847,53199.0,0.0,C13329486,0.0,84212.94,0,0,Transferência urgente
1,PAYMENT,1647.93,C1663488386,70889.0,69241.07,M1380044647,0.0,0.0,0,0,Confirme sua senha
1,PAYMENT,7659.86,C577127077,544.0,0.0,M2122357625,0.0,0.0,0,0,Transferência urgente
1,CASH_OUT,116206.75,C1924990666,283572.48,167365.73,C1318822808,216670.1,500631.71,0,0,Confirme sua senha
1,PAYMENT,2063.77,C1572745406,16064.0,14000.23,M1340644388,0.0,0.0,0,0,Transferência urgente
1,CASH_OUT,123797.1,C295640874,23621.65,0.0,C557041912,153674.01,557537.26,0,0,Confirme sua senha
1,PAYMENT,2271.34,C96039159,31346.0,29074.66,M2144644334,0.0,0.0,0,0,Transferência urgente
1,PAYMENT,1530.83,C788892554,69814.46,68283.63,M1970073944,0.0,0.0,0,0,Confirme sua senha
1,PAYMENT,5842.61,C1992801971,40.0,0.0,M1681094402,0.0,0.0,0,0,Transferência urgente
1,DEBIT,5297.36,C2064883371,82134.0,76836.64,C655381473,31443.78,189534.74,0,0,Confirme sua senha
1,CASH_OUT,41924.75,C1407324654,0.0,0.0,C1526298704,132870.39,32092.07,0,0,Confirme sua senha
1,CASH_OUT,77642.84,C1032568028,0.0,0.0,C667346055,416103.33,9291619.62,0,0,Transferência urgente
1,CASH_OUT,94038.9,C293474277,0.0,0.0,C998351292,136065.07,1015132.48,0,0,Confirme sua senha
1,CASH_OUT,134143.27,C2024711353,0.0,0.0,C451111351,1754894.42,3940085.21,0,0,Transferência urgente
1,CASH_OUT,607616.73,C1267042315,0.0,0.0,C1286084959,1359923.49,2107778.11,0,0,Confirme sua senha
1,CASH_OUT,114057.61,C1108706191,0.0,0.0,C932583850,1427560.49,2719172.89,0,0,Transferência urgente
1,CASH_OUT,173512.93,C579447973,0.0,0.0,C1816757085,8354718.14,10681238.79,0,0,Confirme sua senha
1,CASH_OUT,113283.13,C407148497,0.0,0.0,C885951223,123001.91,215851.28,0,0,Transferência urgente
1,CASH_OUT,94332.0,C1878700101,0.0,0.0,C1782113663,621561.65,3997768.55,0,0,Confirme sua senha
1,CASH_OUT,45756.23,C1042891691,0.0,0.0,C392292416,1393202.52,3420103.09,0,0,Transferência urgente
1,CASH_OUT,46261.02,C1251967187,0.0,0.0,C575335780,85758.95,52415.15,0,0,Confirme sua senha
1,CASH_OUT,195490.04,C1107204185,0.0,0.0,C564160838,1104500.4,1254956.07,0,0,Transferência urgente
1,CASH_OUT,48252.82,C1818747191,0.0,0.0,C451111351,1889037.69,3940085.21,0,0,Confirme sua senha
1,CASH_OUT,63830.49,C421191743,0.0,0.0,C1531333864,412307.54,55974.56,0,0,Transferência urgente
1,CASH_OUT,155122.86,C1403716230,0.0,0.0,C997608398,367930.17,157982.12,0,0,Confirme sua senha
1,CASH_OUT,8809.04,C756080817,0.0,0.0,C1740000325,137034.36,1363368.51,0,0,Transferência urgente
1,CASH_OUT,517915.91,C388802347,0.0,0.0,C1170794006,4404060.84,22190.99,0,0,Confirme sua senha
1,CASH_OUT,94296.25,C1910896157,0.0,0.0,C401424608,336692.95,1178808.14,0,0,Transferência urgente
1,CASH_OUT,161445.91,C1586470445,0.0,0.0,C557041912,277471.11,557537.26,0,0,Confirme sua senha
1,CASH_OUT,169854.57,C265577219,0.0,0.0,C1816757085,8528231.07,10681238.79,0,0,Transferência urgente
1,CASH_OUT,152757.58,C1107579932,0.0,0.0,C1262822392,8356019.04,12494367.15,0,0,Confirme sua senha
1,CASH_OUT,73513.5,C1174586025,0.0,0.0,C1750905143,236639.0,424250.45,0,0,Transferência urgente
1,CASH_OUT,234268.82,C4073506,0.0,0.0,C1750905143,310152.51,424250.45,0,0,Confirme sua senha
1,CASH_OUT,194620.68,C698747943,0.0,0.0,C453211571,610710.98,3461666.05,0,0,Transferência urgente
1,CASH_OUT,256773.54,C1774690057,0.0,0.0,C1971489295,888447.97,0.0,0,0,Confirme sua senha
1,CASH_OUT,59390.46,C100445376,0.0,0.0,C977993101,73791.34,965870.05,0,0,Transferência urgente
1,CASH_OUT,65025.3,C114414807,0.0,0.0,C977993101,133181.81,965870.05,0,0,Confirme sua senha
1,CASH_OUT,69708.79,C1751500625,0.0,0.0,C1335050193,71982.88,353532.56,0,0,Transferência urgente
1,CASH_OUT,92553.64,C1788380050,0.0,0.0,C1182461167,297655.51,23508.22,0,0,Confirme sua senha
1,CASH_OUT,142282.63,C1533547487,0.0,0.0,C453211571,805331.66,3461666.05,0,0,Transferência urgente
1,CASH_OUT,76635.24,C727250772,0.0,0.0,C357863579,102696.35,92307.65,0,0,Confirme sua senha
1,CASH_OUT,39485.21,C626193099,0.0,0.0,C1883840933,9987286.56,16874643.09,0,0,Transferência urgente
1,CASH_OUT,327066.19,C1597742167,0.0,0.0,C453211571,947614.29,3461666.05,0,0,Confirme sua senha
1,CASH_OUT,13136.44,C754072705,0.0,0.0,C1023714065,1525395.97,1412484.09,0,0,Transferência urgente
1,PAYMENT,8309.52,C156199931,252542.6,244233.08,M878991463,0.0,0.0,0,0,Confirme sua senha
1,PAYMENT,31188.22,C1230013344,47827.66,16639.44,M1607869297,0.0,0.0,0,0,Transferência urgente
1,PAYMENT,10497.33,C1717739363,2684.69,0.0,M138536309,0.0,0.0,0,0,Confirme sua senha
1,PAYMENT,7260.2,C1815370847,0.0,0.0,M1801021153,0.0,0.0,0,0,Transferência urgente
1,PAYMENT,6249.78,C1338958728,0.0,0.0,M1870723838,0.0,0.0,0,0,Confirme sua senha
1,PAYMENT,6993.7,C938613108,0.0,0.0,M1598898814,0.0,0.0,0,0,Transferência urgente
1,PAYMENT,9191.46,C97901029,0.0,0.0,M809383315,0.0,0.0,0,0,Confirme sua senha
1,PAYMENT,6495.27,C908722588,22040.0,15544.73,M496757837,0.0,0.0,0,0,Transferência urgente
1,TRANSFER,47477.97,C1733056574,6066.0,0.0,C1629911510,144658.38,15375.37,0,0,Confirme sua senha
1,PAYMENT,15034.23,C1059300256,40458.0,25423.77,M1521568953,0.0,0.0,0,0,Transferência urgente
1,CASH_OUT,251241.14,C1636178473,25534.61,0.0,C997608398,523053.03,157982.12,0,0,Confirme sua senha
1,CASH_OUT,283123.48,C852190062,497409.0,214285.52,C1831477404,16872.0,247063.16,0,0,Transferência urgente
1,CASH_IN,94726.64,C61137731,69854.13,164580.77,C476800120,129704.88,49864.36,0,0,Confirme sua senha
1,PAYMENT,6523.19,C1264941544,147560.08,141036.89,M1878992188,0.0,0.0,0,0,Transferência urgente
1,DEBIT,1580.66,C961859592,31156.0,29575.34,C1556995360,12298.0,0.0,0,0,Confirme sua senha
1,PAYMENT,1017.85,C1926027290,32511.29,31493.45,M1837601499,0.0,0.0,0,0,Transferência urgente
1,CASH_OUT,102265.88,C1562764987,58369.71,0.0,C392292416,1438958.75,3420103.09,0,0,Confirme sua senha
1,CASH_IN,5221.77,C164714495,1046.0,6267.77,C317071334,0.0,139555.44,0,0,Transferência urgente
1,PAYMENT,8227.3,C2080643905,6207.0,0.0,M2137642385,0.0,0.0,0,0,Confirme sua senha
1,PAYMENT,1002.96,C1721045976,8325.0,7322.04,M975001918,0.0,0.0,0,0,Confirme sua senha
1,PAYMENT,1977.17,C2019157894,43619.0,41641.83,M677217562,0.0,0.0,0,0,Transferência urgente
1,PAYMENT,1157.05,C1360541835,52867.0,51709.95,M363397863,0.0,0.0,0,0,Confirme sua senha
1,PAYMENT,3464.41,C1245593227,5548.0,2083.59,M1525844775,0.0,0.0,0,0,Transferência urgente
1,DEBIT,8679.29,C1233505227,150592.0,141912.71,C1877453512,21056.0,0.0,0,0,Confirme sua senha
1,PAYMENT,8348.75,C858423246,0.0,0.0,M1419125235,0.0,0.0,0,0,Transferência urgente
1,PAYMENT,6688.74,C1377301456,9207.0,2518.26,M938199512,0.0,0.0,0,0,Confirme sua senha
1,PAYMENT,9574.31,C1873121466,52463.0,42888.69,M115945887,0.0,0.0,0,0,Transferência urgente
1,PAYMENT,10627.18,C949673757,6136.32,0.0,M1999664216,0.0,0.0,0,0,Confirme sua senha
1,TRANSFER,411363.54,C1200048933,39951.0,0.0,C1049817027,52170.0,60738.03,0,0,Transferência urgente
1,PAYMENT,19741.22,C1572127577,81762.38,62021.17,M546796969,0.0,0.0,0,0,Confirme sua senha
1,CASH_IN,55827.09,C1959708563,9907.0,65734.09,C1850180796,19873.0,1268668.92,0,0,Transferência urgente
1,TRANSFER,1277212.77,C1334405552,1277212.77,0.0,C431687661,0.0,0.0,1,0,Confirme sua senha
1,CASH_IN,24105.5,C422522663,144.0,24249.5,C644345897,20875.0,0.0,0,0,Transferência urgente
1,CASH_OUT,111899.09,C1800500978,12998.94,0.0,C1883840933,10026771.77,16874643.09,0,0,Confirme sua senha
1,PAYMENT,3380.1,C247515192,19560.21,16180.11,M1850137076,0.0,0.0,0,0,Transferência urgente
1,PAYMENT,1658.87,C701487403,16543.0,14884.13,M566641954,0.0,0.0,0,0,Confirme sua senha
1,PAYMENT,7541.47,C1175418534,14060.77,6519.3,M1442038800,0.0,0.0,0,0,Transferência urgente
1,PAYMENT,1328.59,C1997357673,14469.0,13140.41,M1250603112,0.0,0.0,0,0,Confirme sua senha
1,PAYMENT,8354.27,C2075372030,5611.0,0.0,M2092885124,0.0,0.0,0,0,Transferência urgente
1,PAYMENT,2245.62,C194107588,30910.0,28664.38,M1264674474,0.0,0.0,0,0,Transferência urgente
1,PAYMENT,2167.26,C732597634,13669.0,11501.74,M832432849,0.0,0.0,0,0,Transferência urgente
1,PAYMENT,3396.25,C1967617997,18524.0,15127.75,M726843606,0.0,0.0,0,0,Confirme sua senha
1,PAYMENT,2284.54,C49318987,539.0,0.0,M1058650291,0.0,0.0,0,0,Transferência urgente
